amouranth,Amouranth,831779
ibai,ibai,746840
e3,E3,719443
xqcow,xQcOW,700697
auronplay,auronplay,602899
ranboolive,RanbooLive,575966
adinross,AdinRoss,525132
gaules,Gaules,483633
thegrefg,TheGrefg,479945
timthetatman,TimTheTatman,450960
mizkif,Mizkif,433297
nickmercs,NICKMERCS,432930
lec,LEC,419264
tubbo,Tubbo,416452
indiefoxx,indiefoxx,412425
juansguarnizo,juansguarnizo,411876
asmongold,Asmongold,395763
rubius,Rubius,389951
tfue,Tfue,388727
lcs,LCS,387590
rocketleague,RocketLeague,384549
trymacs,Trymacs,369075
loltyler1,loltyler1,365845
aydan,Aydan,363600
blastpremier,BLASTPremier,363406
dota2mc_ru,dota2mc_ru,352521
shroud,shroud,349745
summit1g,summit1g,348100
opera_gx,Opera_GX,347440
sodapoppin,sodapoppin,345213
tommyinnit,tommyinnit,326770
jelty,Jelty,321572
lck_korea,LCK_Korea,319241
mongraal,Mongraal,318343
hasanabi,HasanAbi,305704
loud_coringa,loud_coringa,304858
lck,LCK,291404
alanzoka,alanzoka,286238
lirik,LIRIK,283644
ludwig,ludwig,279774
tsm_imperialhal,TSM_ImperialHal,273905
winstrike_tv,winstrike_tv,271677
swagg,Swagg,271329
trainwreckstv,Trainwreckstv,270631
elmariana,ElMariana,266958
sykkuno,Sykkuno,264773
aceu,aceu,261024
jackmanifoldtv,JackManifoldTV,257438
rainbow6,Rainbow6,252317
tenz,TenZ,246088
shahzam,ShahZaM,244000
esl_dota2,ESL_DOTA2,240942
philza,Philza,240375
domingo,Domingo,231282
elxokas,elxokas,229886
symfuhny,Symfuhny,224622
cblol,CBLOL,212654
weplaydota,WePlayDota,211948
elraenn,Elraenn,208952
tubbolive,TubboLIVE,202571
moistcr1tikal,moistcr1tikal,202065
alexelcapo,alexelcapo,201684
hiko,Hiko,201169
illojuan,IlloJuan,200162
papaplatte,Papaplatte,199023
coscu,coscu,195120
sinatraa,sinatraa,194185
fortnite,Fortnite,189388
montanablack88,MontanaBlack88,189009
sardoche,Sardoche,188581
gotaga,Gotaga,187167
wilbursoot,WilburSoot,186942
buddha,buddha,186102
georgenotfound,GeorgeNotFound,186092
pokimane,pokimane,185951
foolish__gamers,Foolish__Gamers,184400
clix,Clix,183272
nmplol,Nmplol,182693
faker,Faker,182606
ratedepicz,RatedEpicz,181463
robleis,Robleis,179558
cohhcarnage,CohhCarnage,176378
shivfps,ShivFPS,176267
buster,buster,170541
twitchrivals,TwitchRivals,166794
esfandtv,EsfandTV,164648
evelone192,Evelone192,163865
quackity,Quackity,163191
otplol_,otplol_,162574
roshtein,ROSHTEIN,162247
iitztimmy,iiTzTimmy,160359
lpl,LPL,160107
sweetdreams,sweetdreams,159993
nobru,NOBRU,158664
kendinemuzisyen,KendineMuzisyen,157461
lvndmark,LVNDMARK,157232
doublelift,Doublelift,156552
wtcn,wtcN,155140
huskerrs,HusKerrs,154954
maximilian_dood,Maximilian_DOOD,153225
forsen,forsen,153005
fps_shaka,fps_shaka,152965
elded,elded,152532
ramee,Ramee,152211
yoda,YoDa,152071
kamet0,Kamet0,150350
xbox,Xbox,149672
esl_csgo,ESL_CSGO,148743
squeezie,Squeezie,148641
stylishnoob4,stylishnoob4,148538
coolifegame,CooLifeGame,147750
mutex,MuTeX,147033
ops1x,ops1x,144389
iamcristinini,IamCristinini,144370
pow3rtv,POW3Rtv,143011
fextralife,Fextralife,140693
mistermv,mistermv,140090
zerator,ZeratoR,139965
folagorlives,FolagorLives,139777
lyonwgflive,LyonWGFLive,139730
diazbiffle,DiazBiffle,139644
rekkles,Rekkles,137310
nihachu,Nihachu,134672
litkillah,LITkillah,133689
starladder5,StarLadder5,132495
casimito,casimito,130775
anthonyz,AnthonyZ,130477
cloakzy,cloakzy,130371
gorgc,Gorgc,129653
nickeh30,NickEh30,129560
ponce,Ponce,129515
perxitaa,Perxitaa,126936
knekro,knekro,126863
unlostv,UNLOSTV,125289
benjyfishy,benjyfishy,125114
elspreen,ElSpreen,124480
jukes,jukes,123559
tmxk319,괴물쥐123,123451
39daph,39daph,123346
gronkh,GRONKH,123134
nintendo,Nintendo,122964
nasa,NASA,122852
loud_thurzin,loud_thurzin,122661
rogue,Rogue,122062
its_iron,its_iron,121487
beyondthesummit,BeyondTheSummit,120779
jankos,Jankos,120710
recrent,Recrent,118799
drlupo,DrLupo,118289
criticalrole,CriticalRole,117991
kato_junichi0817,加藤純一です,117644
moonmoon,MOONMOON,117325
lol_nemesis,lol_nemesis,115940
vinnie,vinnie,115912
baiano,Baiano,115379
gmhikaru,GMHikaru,115075
kareykadasha,Kareykadasha,114947
asunaweeb,AsunaWEEB,113567
pokelawls,pokelawls,113311
zackrawrr,zackrawrr,113198
playapex,playapex,112611
karlnetwork,karlnetwork,112336
yassuo,Yassuo,111580
koil,koil,111499
sneakylol,sneakylol,110499
pestily,Pestily,110055
paka9999,파카9999,109385
sujagg,sujagg,109185
badboyhalo,BadBoyHalo,108468
valorant,VALORANT,108295
moonryde,Moonryde,108095
staryuuki,Staryuuki,107445
joewo,JoeWo,106733
aminematue,aminematue,106701
teepee,TeePee,106693
captainpuffy,CaptainPuffy,106651
noway4u_sir,NoWay4u_Sir,106572
imls,imls,106283
stray228,Stray228,106270
tarik,tarik,105696
ninja,Ninja,105655
amar,Amar,104619
hanryang1125,풍월량,103522
melina,melina,103165
punz,Punz,102777
otzdarva,Otzdarva,102718
eliasn97,eliasn97,102220
stableronaldo_,StableRonaldo_,101878
kyle,Kyle,101875
ricegum,RiceGum,101479
sick_cs,SicK_cs,101291
zxcursed,zxcursed,100207
zanoxvii,ZanoXVII,99501
chowh1,chowh1,99170
legoo,LEGOO,99124
dota2mc_ru2,dota2mc_ru2,98006
im_dontai,Im_Dontai,97979
admiralbahroo,AdmiralBahroo,96697
quackitytoo,QuackityToo,96592
yourragegaming,yourragegaming,96095
nicewigg,NiceWigg,95992
lvpes,LVPes,95769
gwbps_en,GWBPS_en,95534
spygea,SPYGEA,95478
boxbox,boxbox,95183
myth,Myth,95131
daltoosh,daltoosh,95060
deercheerup,deercheerup,94723
antoinedaniel,AntoineDaniel,94579
elgato_,elgato_,94465
lestream,lestream,94454
x2twins,x2Twins,94318
sypherpk,SypherPK,92839
scarra,Scarra,92650
pqueen,pqueen,92627
ratirl,RATIRL,92588
rakin,Rakin,92244
buckefps,buckefps,91990
bt0tv,bt0tv,91906
abdulhd,AbdulHD,91769
ray__c,Ray__C,91682
jasper7se,Jasper7se,91578
liminhag0d,liminhag0d,91341
cellbit,Cellbit,90481
dmitry_lixxx,Dmitry_Lixxx,90366
alliege,Alliege,90071
quin69,Quin69,89544
strogo,StRoGo,88953
lilypichu,lilypichu,88802
relaxing234,relaxing234,87490
unsympathisch_tv,unsympathisch_tv,86149
brawlhalla,Brawlhalla,86129
fuslie,fuslie,86084
nl_kripp,nl_Kripp,85651
silvername,SilverName,85315
pubg,PUBG,85180
ampeterby7,Ampeterby7,84872
zilioner,침착맨,84487
handongsuk,한동숙,84373
werlyb,Werlyb,84087
tommyinnitalt,tommyinnitalt,83435
icebergdoto,icebergdoto,83377
grenbaud,grenbaud,83162
mrsoki,MrSoki,82883
carola,Carola,82858
pato,Pato,82757
locklear,Locklear,82428
reventxz,ReventXz,82161
alexby11,Alexby11,82008
clintstevens,ClintStevens,81973
jahrein,Jahrein,81876
biyin_,biyin_,81393
maya,Maya,81297
purpled,Purpled,80774
goncho,goncho,80721
saddummy,서새봄냥,80588
kyedae_,kyedae_,80216
lol_woolf,울프,79968
ironmouse,ironmouse,78897
vondice,VonDice,78718
twitchgaming,twitchgaming,78387
bastighg,BastiGHG,78226
itsryanhiga,itsRyanHiga,78222
evaanna,evaanna,77555
bratishkinoff,bratishkinOFF,77516
mrstiventc,mrstiventc,77466
skyrroztv,SkyrrozTV,76813
spursito,Spursito,76711
dasmehdi,dasMEHDI,76602
solary,Solary,76408
blxckoutz,blxckoutz,75947
coreano,Coreano,75907
hinas3,HiNas3,75811
davyjones,DavyJones,75664
elwind,Elwind,75590
gcxevent,GCXEvent,75530
esl_dota2b,ESL_Dota2b,75220
pacific8815,쌍베,75061
averagejonas,AverageJonas,75051
etoiles,Etoiles,74775
tfblade,TFBlade,74594
pietsmiet,PietSmiet,73833
mateoz,mateoz,73685
honeymad,HoneyMad,73535
gensyxa,GENSYXA,73425
fresh,Fresh,72852
joueur_du_grenier,Joueur_du_Grenier,72535
jean_mago,jean_mago,72442
enviosity,Enviosity,72329
aussieantics,AussieAntics,71950
smitegame,SmiteGame,71479
xposed,Xposed,71351
ernesbarbeq,ernesBarbeQ,70898
duendepablo,DuendePablo,70515
ybicanoooobov,ybicanoooobov,70440
goes_x,Goes_x,69757
jrokezftw,JrokezFTW,69624
berkriptepe,berkriptepe,69428
markilokurasy,MarkiLokurasY,69342
5uppp,5uppp,69209
nyanners,nyanners,69206
jltomy,JLTomy,68896
castro_1021,Castro_1021,68879
khandbl,KhanDBL,68843
admiralbulldog,AdmiralBulldog,68786
arcadum,Arcadum,68746
g4tv,G4TV,68670
sacy,sacy,68479
hjune,hJune,68433
fpsthailand,FPSThailand,68411
justaminx,JustaMinx,68302
smallant,SmallAnt,68146
bobross,BobRoss,68084
ddahyoni,따효니,68058
tumblurr,Tumblurr,67860
thebausffs,Thebausffs,67742
mithrain,Mithrain,67722
hannahxxrose,hannahxxrose,67567
tapl,TapL,67446
pikabooirl,Pikabooirl,67406
payo,Payo,66980
cyr,cyr,66771
lululuvely,LuluLuvely,66436
tvander,tvandeR,66425
rootthegamer,rootthegamer,65938
navitv,navitv,65927
alinity,Alinity,65906
purplebixi,PurpleBixi,65896
elotrix,ELoTRiX,65717
fundy,Fundy,65711
bugha,Bugha,65483
faith,Faith,65296
whippy,Whippy,65028
deuceace,DeuceAce,64969
penta,PENTA,64955
codemiko,CodeMiko,64839
emongg,Emongg,64745
aba4647,랄로,64656
tectone,Tectone,64604
gtv_genesis,gtv_genesis,64585
quarterjade,QuarterJade,64240
pgod,pgod,63924
dunkstream,dunkstream,63802
nix,Nix,63642
botezlive,BotezLive,63577
destroy,Destroy,63518
fazebanks,FaZeBanks,63141
jinnytty,Jinnytty,63084
austinshow,AustinShow,62505
stevewillsendit,stevewillsendit,62233
michaelreeves,michaelreeves,62206
anomaly,Anomaly,62151
blackelespanolito,blackelespanolito,62120
riotgames,Riot Games,62075
thijs,Thijs,62023
lucca_trem,lucca_trem,62004
karchez,karchez,61959
pankylol,pankylol,61874
agurin,agurin,61722
supertf,supertf,61648
nikitonipongotv,NikitonipongoTV,61560
jerma985,Jerma985,61495
classybeef,ClassyBeef,61463
xiuder_,Xiuder_,61304
pizfn,pizfn,61298
kennys,kennyS,61270
pago3,PAGO3,61211
mokrivskyi,mokrivskyi,61158
jesusavgn,JesusAVGN,61071
rebeudeter,RebeuDeter,60985
elchiringuitotv,ElChiringuitoTV,60396
kalei,Kalei,60321
smzinho,Smzinho,59671
mym_alkapone,MYM_ALKAPONE,59625
aimdll__,aimdll__,59432
barcagamer,BarcaGamer,59284
jokerdtv,JokerdTV,59030
squareenix,Square Enix,58911
ewroon,EWROON,58707
distortion2,Distortion2,58635
arab,Arab,58570
cdewx,cdewx,58347
maxim,maxim,58100
midbeast,midbeast,57867
homyatol,Homyatol,57622
snip3down,Snip3down,57549
mayichi,Mayichi,57532
co1azo,Co1azo,57510
northernlion,Northernlion,57507
timmac,Timmac,57234
pabellon_4,PABELLON_4,56918
staysafetv,StaysafeTV,56777
sleepy,sleepy,56680
emadgg,EmadGG,56461
xari,Xari,56351
mery_soldier,mery_soldier,56322
fer,fer,56261
gamesdonequick,GamesDoneQuick,56254
sekiam,Sekiam,56237
iwilldominate,IWillDominate,56218
by_owl,by_Owl,56022
dopa24,dopa24,55880
dhalucard,Dhalucard,55762
blackdesertgame,BlackDesertGame,55728
hungrybox,Hungrybox,55722
shotz,Shotz,55716
adal,Adal,55680
qtcinderella,QTCinderella,55618
silky,Silky,55575
uzra,uzra,55519
unicornio,unicornio,55479
limit_maximum,limit_maximum,55259
rtgame,RTGame,55106
missasinfonia,MissaSinfonia,55067
riotgamesturkish,RiotGamesTurkish,55016
nissaxter,Nissaxter,55012
kitboga,Kitboga,54660
soyfelipez360,SoyFelipez360,54562
flowpodcast,FlowPodcast,54544
just_ns,just_ns,54535
runner0608,러너교,54495
k3soju,k3soju,54431
itshafu,itsHafu,54409
sashagrey,sashagrey,54267
pjs9073,쫀득이_,54141
xantarescn,xantarescn,54001
tsm_viss,TSM_Viss,53913
solaryfortnite,SolaryFortnite,53858
et_1231,依渟,53732
mount,mount,53708
dreamalt_,DreamAlt_,53667
tommey,Tommey,53634
albralelie,Albralelie,53567
ilame,iLame,53562
r6esportsbr,R6esportsBR,53548
mckytv,MckyTV,53452
dariomocciatwitch,DarioMocciaTwitch,53345
dogdog,dogdog,53114
ssaab,Ssaab,52907
bigspincr,BigSpinCR,52890
pijack11,pijack11,52510
ming,Ming,52395
des0ut,des0ut,52374
chocotaco,chocoTaco,52329
marinemammalrescue,MarineMammalRescue,52297
dreadztv,DreadzTV,52208
dansgaming,DansGaming,52051
robertocein,RobertoCein,52024
rickyedit,rickyedit,51877
noahreyli,noahreyli,51821
fruktozka,Fruktozka,51801
ml7support,mL7support,51638
thenicolet,TheNicoleT,51575
swaggersouls,SwaggerSouls,51562
lysium,Lysium,51457
melharucos,melharucos,51405
mswinterbearkim,MsWinterbearkim,51390
elajjaz,Elajjaz,51365
runthefutmarket,runthefutmarket,51323
tpabomah,TpaBoMaH,51301
zhiting_li,李芷婷,51261
revolta,revolta,51197
boomerna,BoomerNA,51176
japczan,Japczan,50842
hype,Hype,50821
sanchovies,Sanchovies,50753
masayoshi,Masayoshi,50721
wankilstudio,WankilStudio,50709
g4g_revenant,G4G_REVENANT,50645
therealmarzaa,TheRealMarzaa,50621
caedrel,Caedrel,50538
revedtv,RevedTV,50478
easportsfifa,EASPORTSFIFA,50476
ilmasseo,ilMasseo,50402
daxak,Daxak,50392
kkatamina,kkatamina,50343
eaiimaka,EaiiMaka,50166
modestal,modestal,50107
taylor_jevaux,Taylor_Jevaux,49937
nokduro,녹두로,49880
raderaderader,らっだぁ,49847
tinakitten,TinaKitten,49692
brucedropemoff,BruceDropEmOff,49471
rdulive,RduLIVE,49427
lospollostv,LosPollosTV,49298
2chamcham2,탬탬버린,49287
markitonavaja,MarkitoNavaja,49276
calango,calango,49186
truegeordie,TrueGeordie,49090
redbull,RedBull,49070
peereira7,Peereira7,49013
toqtir,Toqtir,48957
euriece,Euriece,48894
agentemaxo,AgenteMaxo,48853
tecone,tecoNe,48517
xchocobars,xChocoBars,48230
nokokopuffs,Nokokopuffs,48192
scoped,scoped,47970
adolfz,adolfz,47742
alphacast,AlphaCast,47710
bebelolz,逼比,47564
rocketbaguette,RocketBaguette,47539
zerkaa,Zerkaa,47527
uhsnow,uhSnow,47514
playhard,PlayHard,47416
whaazz,Whaazz,47403
m0xyy,m0xyy,47392
jasonr,JASONR,47387
xargon0731,殺梗,47317
natsumiii,Natsumiii,47289
never_loses,NeVeR_LosEs,47210
gafallen,gafallen,47146
tnt_online,tnt_online,47039
jaggerprincesa,JaggerPrincesa,47027
suetam1v4,suetam1v4,47001
menostrece,MenosTrece,46856
elrichmc,ElRichMC,46812
cned,cNed,46785
jbzzed,jbzzed,46775
ahrinyan,AhriNyan,46771
destiny,Destiny,46681
ethos,ethos,46635
c_a_k_e,C_a_k_e,46227
adrianachechik_,AdrianaChechik_,46167
trilluxe,TrilluXe,46166
tolkinlol,TolkinLoL,46154
kennystream,KennyStream,46141
flight23white,Flight23white,46124
yvonnie,yvonnie,45817
itsjstn,ItsJSTN,45799
velox,velox,45788
dapr,dapr,45671
aroyitt,aroyitt,45632
kennzy,Kennzy,45573
davidlafargeoff,DavidLafargeOFF,45547
kaellyn,Kaellyn,45487
silithur,Silithur,45403
theguill84,TheGuill84,45378
letshe,Letshe,45300
forky,Forky,45287
loud_lzinn,loud_lzinn,45256
w2s,W2S,45251
chilledchaos,ChilledChaos,45218
pieface23,Pieface23,45212
rkdthdus930,강소연,45154
ash_on_lol,Ash_on_LoL,45132
alohadancetv,ALOHADANCETV,45105
gronkhtv,GronkhTV,45089
peterparktv,peterparkTV,44972
rooftopcat99,옥냥이,44906
izakooo,IzakOOO,44902
karasmai,KarasMai,44771
imviolet_,imviolet_,44760
pengu,Pengu,44685
blusewilly_retry,餐餐自由配,44674
th3antonio,Th3Antonio,44645
yapyap30,얍얍,44561
repullze,Repullze,44559
xaryu,Xaryu,44336
esacarry,esAcarry,44320
itslomba,ItsLomba,44167
jcorko_,jcorko_,44091
godhunt,GodHunt,43985
b0aty,B0aty,43963
dezignful,Dezignful,43821
tonton,Tonton,43809
dda_ju,다주,43799
kyliebitkin,kyliebitkin,43779
beaulo,Beaulo,43696
sovietwomble,SovietWomble,43630
zrush,嬌兔,43621
teuf,Teuf,43600
warframe,Warframe,43544
axtlol,aXtLOL,43534
hitboxking,HITBOXKING,43514
olesyaliberman,OLESYALIBERMAN,43473
zeko,zEkO,43473
m0e_tv,m0E_tv,43439
imkaicenat,ImKaiCenat,43426
anniefuchsia,AnnieFuchsia,43409
bidule,Bidule,43371
lachilenabelu,LaChilenaBelu,43328
sneux,SNEUX,43324
bbbb87,世誠,43262
eray,Eray,43244
tntsportsbr,TNTSportsBr,43139
subroza,Subroza,43013
stevesuptic,SteveSuptic,42966
formal,FORMAL,42940
starladder10,StarLadder10,42824
bonjwa,Bonjwa,42791
iceiceice,iceiceice,42787
dkwl025,양아지,42755
honeypuu,HoneyPuu,42731
cdawgva,CDawgVA,42683
zigueira,ziGueira,42680
voodoosh,VooDooSh,42675
rraenee,RRaenee,42675
amustycow,amustycow,42610
summonersinnlive,SummonersInnLive,42494
xcaliburye,XcaliburYe,42380
gloriamatvien,GloriaMatvien,42375
pokanoname,pokanoname,42365
guacamolemolly,GUACAMOLEMOLLY,42337
beryl_lulu,貝莉莓,42239
solaaaa,Solaaaa,42229
r6esportsbr2,R6EsportsBR2,42188
mixwell,Mixwell,42144
quickhuntik,QUICKHUNTIK,42110
agraelus,Agraelus,41951
matteohs,MatteoHS,41950
elmiillor,ElmiilloR,41885
kaydop,Kaydop,41856
bananaslamjamma,BananaSlamJamma,41848
ilgabbrone,ilGabbrone,41847
annitheduck,AnniTheDuck,41800
mobilmobil,老皮,41740
sweet_anita,Sweet_Anita,41699
tru3ta1ent,TrU3Ta1ent,41685
zizaran,Zizaran,41574
jolavanille,Jolavanille,41510
kimdoe,김도,41482
tyceno,Tyceno,41394
five0antho,Five0AnthO,41318
vysotzky,vysotzky,41162
zloyn,ZLOYn,41140
rhobalas_lol,rhobalas_lol,40922
roflgator,roflgator,40885
silent,Silent,40861
hirona,Hirona,40860
thedarkness,TheDarkness,40829
paymoneywubby,PaymoneyWubby,40823
naseongkim,김나성,40754
vicens,Vicens,40743
bratiki94,bratiki94,40741
kayzahr,KayzahR,40646
mrsavage,MrSavage,40577
woowakgood,우왁굳,40309
mang0,mang0,40301
welovegames,WELOVEGAMES,40175
vlesk,Vlesk,40159
nightblue3,Nightblue3,40129
willneff,willneff,40021
looksam,룩삼,39988
doigby,Doigby,39980
frttt,frttt,39762
felps,Felps,39450
singsing,singsing,39368
ses836,인간젤리,39358
maciejay,MacieJay,39234
pauleta_youtubeur,Pauleta_Youtubeur,39122
blaustoise,Blaustoise,39098
twayko,Twayko,39086
fazeblaze,FaZeBlaze,38978
shaunz,Shaunz,38914
fnxlntc,fnxLNTC,38911
sackzitv,SackziTV,38843
robcdee,robcdee,38834
godjj,接接,38832
mortenroyale,mortenroyale,38796
lol_ambition,앰비션_,38768
tanizen,Tanizen,38754
calebhart42,Calebhart42,38660
zeplahq,ZeplaHQ,38519
valorant_br,VALORANT_BR,38486
uberhaxornova,UberHaxorNova,38420
pace22,Pace22,38372
miniminter,miniminter,38265
jdm2088,악어,38103
deadlyslob,Deadlyslob,38047
sam1268,sam1268,38044
riotgamesjp,RiotGamesJP,38037
starsmitten,starsmitten,38028
okyyy,okyyy,38009
popo,Popo,37993
beyondthesummit2,BeyondTheSummit2,37968
kiyoon,Kiyoon,37832
robraven,RobRaven,37789
sal_gu,살인마협회장,37750
jakenbakelive,jakenbakeLIVE,37741
boyminoru,boyMinORu,37577
niklaswilson,NiklasWilson,37556
zwave69,Zwave69,37489
curvyelephant,curvyelephant,37433
flexz,FlexZ,37300
zentreya,Zentreya,37296
richwcampbell,richwcampbell,37279
jinu6734,김진우,37161
paulanobre,paulanobre,37119
elena_fn,elena_fn,37085
xisuma,Xisuma,37044
sutanmi,スタンミ,37002
brucegrannec,BruceGrannec,36998
angrypug,ANGRYPUG,36991
wtf_winds123,大丸,36974
ryux,ryux,36960
rybsonlol_,RybsonLoL_,36827
kyo1984123,kyo1984123,36747
cerbero_podcast,Cerbero_Podcast,36731
sabaku_no_sutoriimaa,Sabaku_no_Sutoriimaa,36568
lobanjicaa,Lobanjicaa,36532
axozer,aXoZer,36525
jay3,Jay3,36455
thekairi78,TheKAIRI78,36423
cpentagon,CPentagon,36411
gabi,Gabi,36347
leffen,Leffen,36197
guanweiboy,冠緯,36167
dmf_kyochan,恭一郎,36164
lilsimsie,lilsimsie,36089
jeeltv,JeelTV,36087
milan926_,Milan926_,36080
nimuvt,NimuVT,36042
forweark,Forweark,35985
avoidingthepuddle,AvoidingThePuddle,35932
itmejp,itmeJP,35881
llobeti4,Llobeti4,35797
gladd,Gladd,35759
kristoferyee,KristoferYee,35748
cidcidoso,cidcidoso,35726
danucd,DanucD,35589
reetlol,Reetlol,35541
thegameawards,thegameawards,35522
mch_agg,mch_AGG,35382
rebirthztv,RebirthzTV,35367
quickybaby,QuickyBaby,35366
berry0314,빛베리,35353
gearbaby1010,花輪同學,35317
wearethevr,WeAreTheVR,35219
wkgml,견자희,35217
skyyart,Skyyart,35200
obm1025,오킹,35196
bobbypoffgaming,BobbyPoffGaming,35148
azra,AZRA,35119
hayashii,Hayashii,35111
flurry1989,플러리,35106
ign,IGN,34921
teegrizzley,TeeGrizzley,34906
vgbootcamp,VGBootCamp,34876
crystal_lol,Crystal_LoL,34794
stolenbr,StolenBR,34627
tuonto,tuonto,34492
luzu,Luzu,34438
blou,BLOU,34379
mandzio,Mandzio,34345
starladder_cs_en,StarLadder_cs_en,34336
sintica,Sintica,34167
butterflyouo,萌萌小蝶,34127
a_seagull,A_Seagull,34119
grafo,grafo,34108
tarzaned,tarzaned,33979
slick,Slick,33972
kephrii,Kephrii,33901
carljrtm,CarlJrtm,33894
sneegsnag,Sneegsnag,33833
yayahuz,yayahuz,33784
woohankyung,_한갱,33752
kathybarmy,KathyBArmy,33714
heybigmike,heybigmike,33707
russzfps,russzfps,33697
sweetcampercs,龜狗,33620
tebtv,TEBtv,33548
zerobadass,ZeROBADASS,33477
nakoo_fn,NAKOO_Fn,33469
anton,Anton,33447
orangemorange,orangemorange,33412
a1taoda,A1taOda,33354
pch3lk1n,PCH3LK1N,33350
xntentacion,xntentacion,33293
scream,ScreaM,33266
sidneyeweka,SidneyEweka,33198
lunaoni,LunaOni,33135
dylanterolive,DylanteroLIVE,33054
k1ng,k1ng,33046
conterstine,Conterstine,33013
stormen,stormen,33006
zoomaa,Zoomaa,32932
elisabetetv,ElisabeteTV,32927
cdnthe3rd,CDNThe3rd,32918
ayezee,AyeZee,32909
shurjoka,Shurjoka,32892
okcode,OkCode,32835
juliabayonetta_,JuliaBayonetta_,32790
erobb221,erobb221,32712
sunbaconrelaxer,SunBaconRelaxer,32514
dropsbyponk,DropsByPonk,32514
sacriel,Sacriel,32472
pulgaboy,pulgaboy,32461
flights1,Flights1,32424
lacari,Lacari,32422
froggen,Froggen,32405
jujalag,JUJALAG,32380
savyultras90,savyultras90,32306
eternalenvyy,EternaLEnVyy,32248
ekatze007,ekatze007,32229
nymn,NymN,32227
komanche,komanche,32225
masondota2,masondota2,32203
steelmage,Steelmage,32183
flamekr,플레임__,32163
squishymuffinz,SquishyMuffinz,32133
jgod_gaming,JGOD_Gaming,32107
caprimint,Caprimint,32046
frankkaster,Frankkaster,32010
connoreatspants,ConnorEatsPants,31942
patriota,Patriota,31912
xhibaoger,火暴可可,31732
gratis150ml,gratis150ml,31730
natalan,natalan,31562
shadowkekw,shadowkekw,31540
christianvieriofficial,ChristianVieriOfficial,31488
rkdwl12,강지,31420
veibae,veibae,31299
vadeal,Vadeal,31260
pedroqualy,pedroqualy,31257
lazvell,Lazvell,31223
rakanoolive,RakanooLive,31178
xth0rek,xth0rek,31129
btmc,BTMC,31127
reborn_live,Reborn_Live,31125
s0mcs,s0mcs,31116
blackufa,BlackUFA,31043
geksagen,Geksagen,30958
spoopykitt,spoopykitt,30951
jlbichouu,JLBichouu,30891
inscope21tv,INSCOPE21TV,30816
jonthebroski,Jonthebroski,30795
farhadxray,FarhadXRay,30700
nanajam777,우정잉,30675
gd_booya,GD_Booya,30618
crocodyle_lol,Crocodyle_lol,30614
yumyumyu77,소풍왔니,30477
loserfruit,Loserfruit,30415
giantwaffle,Giantwaffle,30372
h2p_gucio,H2P_Gucio,30357
surefour,Surefour,30279
winghaven,Winghaven,30268
abu_abeer16,abu_abeer16,30264
rewinside,rewinside,30252
fl0m,fl0m,30194
zade,Zade,30154
burkeblack,BurkeBlack,30074
cheatbanned,cheatbanned,30033
uthenera,Uthenera,30006
xqcisoffline,xqcisoffline,29994
unboxholics,Unboxholics,29991
bnans,bnans,29979
rakyz,Rakyz,29879
iinwafqht,iinwafqht,29849
barbarousking,BarbarousKing,29836
xkwhd,피닉스박1,29811
gernaderjake,GernaderJake,29774
csgomc_ru,csgomc_ru,29744
towelliee,Towelliee,29641
sapnapalt,sapnapalt,29631
aypierre,aypierre,29626
gnu_live,Gnu_Live,29577
yang,yang,29548
harry,Harry,29493
faze,FaZe,29405
dafran,dafran,29365
mathil1,Mathil1,29337
videoyun,Videoyun,29288
wardell,WARDELL,29251
drututt,Drututt,29179
a541021,狂暴小建,29158
s1mple,s1mple,29121
dakotaz,dakotaz,29103
lvpes2,LVPes2,29087
royalphunk,RoyalPhunk,29033
vargskelethor,Vargskelethor,28970
dasoku_aniki,蛇足,28770
yassencore,yassencore,28744
mahluna,Mahluna,28606
disguisedtoast,DisguisedToast,28577
maau,MAAU,28538
chen810830,湯米,28536
zainita,zainita,28522
keznit1,keznit1,28446
johnny3047258,죠니니,28431
takesipon,踢虧,28387
slavikjunge685,SlavikJunge685,28375
stylerz,STYLERZ,28338
tixinhadois,Tixinhadois,28283
elynakamperi,elynakamperi,28281
razah,RazaH,28253
the_happy_hob,The_Happy_Hob,28220
staynaughty,staynaughty,28160
skill4ltu,skill4ltu,28147
drigo,DrIgo,28131
followgrubby,FollowGrubby,28108
rustyk,Rustyk,27999
yuniko0720,小熊,27975
diables,Diables,27972
zzamtiger0310,짬타수아,27952
xcry,xCry,27802
soypan,SoyPan,27767
michaelmcchill,Michaelmcchill,27754
restya_tw,瑞斯帝亞,27702
tobiasfate,TobiasFate,27691
carreraaa,Carreraaa,27598
ziggy,Ziggy,27585
pokemonchallenges,PokemonChallenges,27534
shuteye_orange,蝦愛橘子,27521
xhankyy,xHankyy,27487
d_obby,도현_,27451
papomc,PapoMC,27451
ricoy23,ricoy23,27421
ziqoftw,Ziqoftw,27379
chusommontero,chusommontero,27169
eliiixy,Eliiixy,27151
meikodboy_,Meikodboy_,27127
ohtofu,OhTofu,27100
beniju03,BENIJU03,27055
pikra10,재슥짱,27003
jacob4tv,Jacob4TV,26984
ayarbaffo,AyarBaffo,26944
luckychamu,LuckyChamu,26896
stanislaw9,STANISLAW9,26863
ditrxx,Ditrxx,26841
sooflower,수련수련,26830
putupau,Putupau,26809
nikobaby_,Nikobaby_,26804
natehill,NateHill,26788
naru,Naru,26788
smoke,Smoke,26725
lla,LLA,26720
shlorox,Shlorox,26690
itsspoit,itsSpoit,26670
neutrooyt,NeutrooYT,26544
willerz,WillerZ,26500
icemanisaac,IceManIsaac,26476
asmodaitv,AsmodaiTV,26460
kuchentv,KuchenTV,26452
worldofwarships,WorldofWarships,26445
twitchpresentskr,TwitchPresentsKR,26430
becca,Becca,26428
murilosoo,Murilosoo,26391
nickdaboom,NickDaBooM,26330
josedeodo,Josedeodo,26317
thestockguy,TheStockGuy,26308
strippin,Strippin,26168
akagreenn,akagreenn,26155
cristianghost,cristianghost,26126
hastad,hastad,26068
z_laner,Z_Laner,26028
odablock,Odablock,25993
resttpowered,resttpowered,25949
tommykaylive,TommyKayLIVE,25928
budlight,BudLight,25923
polsatgames,polsatgames,25895
imaqtpie,imaqtpie,25799
terracid,Terracid,25783
yointerneto,yointerneto,25772
kumikomii,고차비,25748
oestagiario,oestagiario,25736
youngmulti,YoungMulti,25706
staiy,Staiy,25670
sofikimmy,SofiKimmy,25654
t90official,T90Official,25586
kyr_sp33dy,KYR_SP33DY,25537
foxenkin,FoxenKin,25525
crazyfacetw,crazyfacetw,25427
phoodu,phoodu,25414
adeptthebest,adeptthebest,25393
move_mind,Move_Mind,25264
jirayalecochon,Jirayalecochon,25244
low4n,Low4n,25201
pipepunk,PipePunk,25175
mushway,Mushway,25099
solaryhs,SolaryHS,25094
mokrysuchar,MokrySuchar,25075
sh4dowehhh,Sh4dowehhh,25064
enkk,Enkk,25063
maghla,Maghla,25025
klean,Klean,25017
flavorr,Flavorr,24945
sajam,Sajam,24943
iskall85,iskall85,24904
ajehr,머독,24895
gskianto,gskianto,24845
efeuygac,EFEUYGAC,24830
fedmyster,FEDMYSTER,24805
dazrbn,dazrbn,24758
superjj102,superjj102,24748
brookeab,BrookeAB,24741
healthygamer_gg,HealthyGamer_GG,24703
posty,Posty,24693
sjow,Sjow,24676
elcanaldejoaco,ElcanaldeJoaco,24664
jukeyz,Jukeyz,24541
tpain,TPAIN,24529
mitr0,mitr0,24528
bananirou,Bananirou,24442
luken,Luken,24437
lightfurylf,LightFuryLF,24394
xnapycz,Xnapycz,24307
kaanflix,KAANFLIX,24303
cobaltstreak,CobaltStreak,24287
jojohf,JojoHF,24129
