id,label,size
ibai,ibai,1688908
thegrefg,TheGrefg,1471163
rubius,Rubius,1259224
illojuan,IlloJuan,879265
juansguarnizo,juansguarnizo,1170374
lolitofdez,LOLITOFDEZ,584582
luzu,Luzu,311212
robleis,Robleis,466712
knekro,knekro,192566
lvpes,LVPes,197877
werlyb,Werlyb,176563
reborn_live,Reborn_Live,208210
xxxthefocusxxx,xXxTheFocuSxXx,166997
papigavitv,PapiGaviTV,122557
tvander,tvandeR,99889
karchez,karchez,137591
spursito,Spursito,111345
menostrece,MenosTrece,148521
mixwell,Mixwell,170401
jaggerprincesa,JaggerPrincesa,115010
olliegamerz,OllieGamerz,120837
mayichi,Mayichi,112407
reventxz,ReventXz,87617
lakshartnia,LakshartNia,100977
zilverk,ZilverK,180766
rapturrs,Rapturrs,106750
polispol1,polispol1,86750
staryuuki,Staryuuki,161435
missasinfonia,MissaSinfonia,257397
rubenmartinweb,rubenmartinweb,65007
nilojeda,nilojeda,73062
twitchrivals_es,twitchrivals_es,86060
th3antonio,Th3Antonio,69918
vicens,Vicens,73693
zormanworld,ZormanWorld,67580
zeling,Zeling,60520
nissaxter,Nissaxter,90785
lec,LEC,667027
masi_rodriguez,masi_rodriguez,54887
litkillah,LITkillah,111774
ricoy23,ricoy23,57662
kolderiu,Kolderiu,86645
nimuvt,NimuVT,104771
komanche,komanche,71526
sirolopez56,sirolopez56,42461
littleragergirl,littleragergirl,50074
jujalag,JUJALAG,76930
unicornio,unicornio,90726
llobeti4,Llobeti4,62178
maxmears,MaxMears,56591
jelty,Jelty,115198
keznit1,keznit1,81327
perxitaa,Perxitaa,65771
lcs,LCS,611670
silithur,Silithur,48870
markilokurasy,MarkiLokurasY,45332
papomc,PapoMC,58130
lvpes2,LVPes2,54076
shadoune666,Shadoune666,52192
rivers_gg,rivers_gg,105373
xqcow,xQcOW,1232427
surgicalgoblin,SurgicalGoblin,57336
mitchmancasting,MitchManCasting,51199
rickyedit,rickyedit,38226
mym_alkapone,MYM_ALKAPONE,83211
imantado,imantado,40080
lck,LCK,463450
withzack,WithZack,34364
mangel,Mangel,40229
okyyy,okyyy,82166
ulises,uLISES,32931
sirmaza,SirMaza,41492
loltyler1,loltyler1,742323
snoodyboo,snoodyboo,35162
kidi,Kidi,26975
shroud,shroud,852806
skain,skain,23971
isvolcano,IsVolcano,31003
nosoykoko,nosoykoko,27717
starwraith,StarWraith,38933
kam1esports,kam1esports,39282
simpsonmania01,SimpsonMania01,98459
nakoo_fn,NAKOO_Fn,54073
pompeyo4,Pompeyo4,47627
rioboo,Rioboo,18712
squadkoi,SquadKoi,18164
soyfelipez360,SoyFelipez360,30582
zok3r,ZoK3R,41539
rocketleague,RocketLeague,386831
manutegaming,manutegaming,27640
rekkles,Rekkles,196984
kikorivera,KikoRivera,20077
shahzam,ShahZaM,452524
ipandarina,ipandarina,18440
posty,Posty,49845
lucasrojo,LucasRojo,28534
ninja,Ninja,628091
valorant,VALORANT,342134
robertocein,RobertoCein,58390
sergiofferra,SergioFFerra,30154
uri_rp,URI_rp,29382
pimpeano,Pimpeano,36484
kxmi,KXMI,21330
luken,Luken,38543
xguiry,xGuiRy,19749
jankos,Jankos,187511
putupau,Putupau,57834
peereira7,Peereira7,20911
ijenz,IJenz,119420
mrsoki,MrSoki,41233
tenz,TenZ,286274
sujagg,sujagg,35907
mongraal,Mongraal,292284
momoladinastia,momoladinastia,22393
pipepunk,PipePunk,50223
josedeodo,Josedeodo,30480
jcorko_,jcorko_,22266
trainwreckstv,Trainwreckstv,509662
lpl,LPL,261175
wismichu,Wismichu,22094
kerios,Kerios,29231
sinatraa,sinatraa,330684
pabellon_4,PABELLON_4,46566
pokimane,pokimane,539733
yointerneto,yointerneto,19554
lvparg,LVParg,21819
quackity,Quackity,214717
mrsavage,MrSavage,191566
zeko,zEkO,23424
tanizen,Tanizen,29568
miikelmst,MiiKeLMsT,25869
roier,Roier,34400
auronplay,auronplay,1491244
elxokas,elxokas,1398663
axozer,aXoZer,257175
bystaxx,bysTaXx,356241
biyin_,biyin_,198545
elmariana,ElMariana,481251
elspreen,ElSpreen,649439
iamcristinini,IamCristinini,229732
elded,elded,283004
carola,Carola,171093
ernesbarbeq,ernesBarbeQ,110578
elisawavess,elisawavess,95343
folagorlives,FolagorLives,147108
bytarifaaa,bytarifaaa,113602
elchiringuitotv,ElChiringuitoTV,161419
carreraaa,Carreraaa,203983
elmiillor,ElmiilloR,117851
coscu,coscu,120253
elbokeron,elBokeron,69432
hitboxking,HITBOXKING,102048
blackelespanolito,blackelespanolito,94216
goncho,goncho,123517
el_yuste,el_yuste,67717
barcagamer,BarcaGamer,67622
beccasomething,BeccaSomething,55864
deqiuv,DeqiuV,25536
iamjp_cr,iAmJP_CR,63725
gemita,Gemita,40307
elrichmc,ElRichMC,66515
g4g_revenant,G4G_REVENANT,69516
d3stri,D3stri,39697
duendepablo,DuendePablo,72307
coolifegame,CooLifeGame,30261
eldemente,eldemente,59924
fernanfloo,Fernanfloo,31111
natalan,natalan,58103
desst3,DessT3,26658
cacho01,cacho01,74873
faker,Faker,307749
esportmaniacos,Esportmaniacos,49813
elcanaldejoaco,ElcanaldeJoaco,77463
gerard_romero,gerard_romero,51496
gonsabellla,gonsabellla,27867
hjune,hJune,64697
quackitytoo,QuackityToo,95523
elojoninja,ElOjoNinja,50041
elvisayomastercard,ElvisaYomastercard,21504
westcol,WestCOL,46839
yosoyricklive,yosoyricklive,26430
grafo,grafo,47751
horcus,Horcus,42018
gyaljade,GyalJade,24770
frankkaster,Frankkaster,39565
elyoyalol,elyoyalol,22362
ffaka,ffaka,18332
gosu,Gosu,228314
lvndmark,LVNDMARK,427868
spoonkid,spoonkid,48056
zackrawrr,zackrawrr,274453
zerkaa,Zerkaa,112745
zoil,Zoil,45284
yourragegaming,yourragegaming,146370
yassuo,Yassuo,50127
zizaran,Zizaran,93364
zoomaa,Zoomaa,38624
soypan,SoyPan,26219
rociodta,rociodta,22567
nuvia_ouo,Nuvia_OuO,19048
n3koglai,n3koglai,879300
paradeev1ch,paradeev1ch,192092
whoplohoyparen,WHOPLOHOYPAREN,128359
strogo,StRoGo,108940
weplaycsgo_ru,WePlayCSGO_ru,234148
s1mple,s1mple,314634
shadowkekw,shadowkekw,79739
strogo1337,StRoGo1337,62159
zloyn,ZLOYn,55512
rostislav_999,rostislav_999,88701
stray228,Stray228,164282
quickhuntik,QUICKHUNTIK,49370
recrent,Recrent,171518
silvername,SilverName,175473
pch3lk1n,PCH3LK1N,39978
tpabomah,TpaBoMaH,94970
rachelr,RachelR,53603
nix,Nix,68769
pokanoname,pokanoname,30529
topsonous,Topsonous,226360
ybicanoooobov,ybicanoooobov,92692
razedoto,razedoto,23249
summit1g,summit1g,527774
tarik,tarik,427852
willerz,WillerZ,194344
sodapoppin,sodapoppin,395327
wardell,WARDELL,217134
sick_cs,SicK_cs,200001
tfue,Tfue,322028
tsm_imperialhal,TSM_ImperialHal,389993
subroza,Subroza,158664
sykkuno,Sykkuno,348906
smoke,Smoke,70777
symfuhny,Symfuhny,214527
sweetdreams,sweetdreams,226635
tigz,Tigz,49617
veritas,Veritas,53890
sneakylol,sneakylol,120272
trey24k,Trey24k,45891
walker,walker,47838
welyn,Welyn,68622
skippypoppin,skippypoppin,90414
veibae,veibae,158404
smittystone,SmittyStone,35141
sypherpk,SypherPK,284493
zchum,ZChum,32336
snip3down,Snip3down,103766
swagg,Swagg,198376
teepee,TeePee,146278
tsm_viss,TSM_Viss,38070
ssaab,Ssaab,113757
vox_e,VoX_E,29284
thijs,Thijs,98137
trentau,TrentAU,30568
timmac,Timmac,83370
tfblade,TFBlade,121185
xchocobars,xChocoBars,75659
willneff,willneff,83613
streamerhouse,StreamerHouse,63074
tectone,Tectone,147695
trymacs,Trymacs,510326
siraaerios,SirAaerios,18237
thebausffs,Thebausffs,134314
starsmitten,starsmitten,64753
stormen,stormen,65255
amouranth,Amouranth,773324
mizkif,Mizkif,510058
elisabetetv,ElisabeteTV,186309
hasanabi,HasanAbi,430542
esfandtv,EsfandTV,277039
leynainu,Leynainu,98102
disguisedtoast,DisguisedToast,432906
gamesdonequick,GamesDoneQuick,603999
nmplol,Nmplol,199027
buddha,buddha,223185
emiru,Emiru,154335
anthonyz,AnthonyZ,213012
melina,melina,94247
moistcr1tikal,moistcr1tikal,366277
evaanna,evaanna,83929
nickmercs,NICKMERCS,510922
maya,Maya,136024
thenicolet,TheNicoleT,53590
pekeasmr,pekeasmr,68253
lirik,LIRIK,282981
dwjft,dwjft,154203
montanablack88,MontanaBlack88,522436
iitztimmy,iiTzTimmy,433356
ray__c,Ray__C,135871
casimito,casimito,712679
clix,Clix,474989
fuslie,fuslie,154675
kyootbot,kyootbot,75356
aroyitt,aroyitt,261917
lilypichu,lilypichu,165008
cyr,cyr,102288
blaustoise,Blaustoise,127933
pokelawls,pokelawls,154997
doublelift,Doublelift,347204
penta,PENTA,114241
littlelianna,littlelianna,32380
codemiko,CodeMiko,73022
justaminx,JustaMinx,75329
qtcinderella,QTCinderella,87812
myth,Myth,156672
greekgodx,Greekgodx,126263
blastpremier,BLASTPremier,371707
malinkaa98,Malinkaa98,35748
jschlatt,jschlatt,113033
roshtein,ROSHTEIN,224527
gotaga,Gotaga,459222
arigameplays,AriGameplays,366878
gaules,Gaules,441770
taylor_jevaux,Taylor_Jevaux,32584
ibabyrainbow,ibabyrainbow,43837
elraenn,Elraenn,285594
castro_1021,Castro_1021,414989
bnans,bnans,156133
omie,omie,84883
jinnytty,Jinnytty,74357
kyle,Kyle,108832
kandyland,Kandyland,46203
kamet0,Kamet0,355769
cohhcarnage,CohhCarnage,212485
natsumiii,Natsumiii,122596
wtcn,wtcN,282533
pestily,Pestily,241817
forsen,forsen,168549
roflgator,roflgator,72203
botezlive,BotezLive,72446
sommerset,Sommerset,204432
kiaraakitty,Kiaraakitty,44969
koil,koil,104851
whippy,Whippy,91405
ironmouse,ironmouse,150482
scarra,Scarra,148284
ratirl,RATIRL,194733
midbeast,midbeast,143226
tobiasfate,TobiasFate,94212
tarzaned,tarzaned,59062
moonmoon,MOONMOON,147790
sanchovies,Sanchovies,66678
nightblue3,Nightblue3,75317
quin69,Quin69,124588
noway4u_sir,NoWay4u_Sir,189702
trick2g,Trick2g,40433
solarbacca,solarbacca,43132
solorenektononly,SoloRenektonOnly,35196
riotgames,Riot Games,74611
otplol_,otplol_,294884
shiphtur,Shiphtur,63145
lourlo,Lourlo,32156
sardoche,Sardoche,245255
quantum,Quantum,30978
nl_kripp,nl_Kripp,119519
rayditz,rayditz,59711
wooxsolo,WooxSolo,99331
sirhcez,SirhcEz,29456
prodval,prodval,179288
tolkinlol,TolkinLoL,93278
mortdog,Mortdog,55469
surefour,Surefour,37852
yamatosdeath1,YamatosDeath1,25007
xayoo_,Xayoo_,132430
shivfps,ShivFPS,250144
smallant,SmallAnt,174095
maximilian_dood,Maximilian_DOOD,130640
nisqyy,Nisqyy,74451
rybsonlol_,RybsonLoL_,92255
primeleague,PrimeLeague,103145
robinsongz,robinsongz,48404
fnxlntc,fnxLNTC,223212
gafallen,gafallen,187233
cblol,CBLOL,221621
loud_coringa,loud_coringa,382939
yoda,YoDa,218203
liminhag0d,liminhag0d,102598
deercheerup,deercheerup,102150
jukes,jukes,147215
gabepeixe,gabepeixe,199701
coreano,Coreano,119770
mch_agg,mch_AGG,73531
pigzadaxd,pigzadaxd,38638
tixinhadois,Tixinhadois,85399
tteuw,tteuw,92154
oestagiario,oestagiario,41009
sacy,sacy,76730
tntsportsbr,TNTSportsBr,34854
rakin,Rakin,83214
yayahuz,yayahuz,47849
frttt,frttt,93794
pijack11,pijack11,89211
kennzy,Kennzy,71004
tioorochitwitch,tioorochitwitch,66469
fer,fer,47437
nahzinhaa,nahzinhaa,31705
taspio,Taspio,83821
sonecarox,Sonecarox,58560
flowpodcast,FlowPodcast,40633
nicklink,nicklink,62996
revolta,revolta,46934
xandfps,xandfps,46157
mylonzete,Mylonzete,49367
nobru,NOBRU,103354
esacarry,esAcarry,43395
gratis150ml,gratis150ml,39512
paivinha29,paivinha29,38175
mount,mount,60808
loud_thurzin,loud_thurzin,84306
yetz,yeTz,37557
tck10,TcK10,42294
meikodboy_,Meikodboy_,41864
smzinho,Smzinho,49446
skipnho,SkipNhO,39975
zerobadass,ZeROBADASS,40354
zigueira,ziGueira,31754
lucasteles2,lucasteles2,28000
paulanobre,paulanobre,41001
leticiaxmotta,leticiaxmotta,28408
yulla,yulla,25292
hayashii,Hayashii,32344
thedarkness,TheDarkness,30583
playhard,PlayHard,48413
felps,Felps,41149
courtesy,courtesy,34088
suetam1v4,suetam1v4,50389
rnakano,RNakano,21875
spkclb,spkclb,40553
rangerlol1,rangerlol1,22734
lol_nemesis,lol_nemesis,153586
summonersinnlive,SummonersInnLive,69988
sologesang,Sologesang,61626
solaaaa,Solaaaa,55688
maxim,maxim,82815
limit_maximum,limit_maximum,81164
polsatgames,polsatgames,43016
riotgamesturkish,RiotGamesTurkish,39920
prestivent,Prestivent,37404
overpow,Overpow,40900
targamas1,Targamas1,29085
vysotzky,vysotzky,92715
farfadoxvevo,FarfadoxVEVO,32269
zainita,zainita,18541
ranger,Ranger,101023
replays,Replays,79558
stableronaldo,stableronaldo,128872
zemie,Zemie,60264
scoped,scoped,68354
philza,Philza,264348
rogue,Rogue,162243
tommyinnit,tommyinnit,201168
scump,scump,86052
solary,Solary,119576
traytonlol,TraYtoNlol,70056
souless,souless,37898
imaqtpie,imaqtpie,167449
northernlion,Northernlion,80780
jerma985,Jerma985,123128
k3soju,k3soju,220863
the_happy_hob,The_Happy_Hob,53225
gronkh,GRONKH,168429
gmhikaru,GMHikaru,144837
wirtual,Wirtual,74156
gorgc,Gorgc,167024
itshafu,itsHafu,99112
mathil1,Mathil1,75020
richwcampbell,richwcampbell,73207
sequisha,Sequisha,144224
grandpoobear,GrandPOObear,26759
preachlfw,Preachlfw,52306
simply,Simply,47549
steelmage,Steelmage,63181
nyanners,nyanners,93045
pathofexile,pathofexile,93227
halo,Halo,92166
giantwaffle,Giantwaffle,45757
quarterjade,QuarterJade,78652
tinakitten,TinaKitten,112818
yvonnie,yvonnie,39632
s0mcs,s0mcs,114837
sydeon,Sydeon,24071
shanks_ttv,shanks_ttv,66738
supcaitlin,supcaitlin,38955
punz,Punz,98216
wilbursoot,WilburSoot,273159
snuffy,snuffy,77915
uhsnow,uhSnow,61501
superjj102,superjj102,50866
therealknossi,TheRealKnossi,158345
xrohat,xRohat,120118
real_bazzi,Real_Bazzi,101218
unsympathisch_tv,unsympathisch_tv,120354
ungespielt,ungespielt,130465
qseng66,qseng66,61635
spartatheoriginal,SpartaTheOriginal,53711
sidneyeweka,SidneyEweka,74307
tanzverbot,TANZVERBOT,58920
xthesolutiontv,xTheSolutionTV,48626
niklaswilson,NiklasWilson,79198
papaplatte,Papaplatte,61893
repaz,Repaz,47710
slavikjunge685,SlavikJunge685,34156
tisischubech,TisiSchubech,72008
nrwbenjo,NRWBenjo,29190
tonyy_c,Tonyy_C,20467
orangemorange,orangemorange,34303
rewinside,rewinside,37640
smexysyt,SmexysYT,58550
vadeal,Vadeal,57843
scurrows,Scurrows,29691
stylerz,STYLERZ,36629
pietsmiet,PietSmiet,96361
staiy,Staiy,38946
rumathra,Rumathra,27363
painlivestream,PainLivestream,23928
shlorox,Shlorox,46728
thegreatbielecki,thegreatbielecki,20508
sintica,Sintica,61870
playapex,playapex,133660
nokokopuffs,Nokokopuffs,60525
verhulst,verhulst,54298
superevan,SuperEvan,30724
xfibii,xFibii,22334
schlatt,Schlatt,89452
nymn,NymN,43181
susu_jpg,susu_jpg,32133
nesua,nesua,42796
murdercrumpet,MurderCrumpet,27021
paymoneywubby,PaymoneyWubby,70429
robcdee,robcdee,46581
xposed,Xposed,76026
vondice,vondice,47678
aceu,aceu,482473
faide,Faide,135146
daltoosh,daltoosh,128238
lululuvely,LuluLuvely,151491
diegosaurs,Diegosaurs,118202
nicewigg,NiceWigg,103364
dropped,Dropped,76522
albralelie,Albralelie,75369
mande,Mande,68038
genburten,Genburten,58189
asunaweeb,AsunaWEEB,208320
dezignful,Dezignful,40517
loustreams,loustreams,39811
hiko,Hiko,169335
taxi2g,taxi2g,35706
aydan,Aydan,248023
adinross,AdinRoss,482227
sz_taisheen,SZ_Taisheen,30066
apryze,Apryze,30776
ploo,ploo,86586
boxbox,boxbox,163077
cloakzy,cloakzy,154693
daequanwoco,DaequanWoco,130537
roieee,百弟弟弟,40942
crylixblooom,crylixblooom,51182
kyedae,Kyedae,90811
euriece,Euriece,81991
fps_shaka,fps_shaka,274207
nats,nAts,111632
stylishnoob4,stylishnoob4,240030
supertf,supertf,78644
dafran,dafran,51224
imkaicenat,ImKaiCenat,285181
jidionpremium,jidionpremium,113810
brucedropemoff,BruceDropEmOff,107975
duke,Duke,75341
flight23white,Flight23white,85242
nickeh30,NickEh30,301022
annoying,Annoying,54901
silky,Silky,46524
im_dontai,Im_Dontai,107652
lospollostv,LosPollosTV,66710
paryeet,Paryeet,26461
deyyszn,deyyszn,98095
teegrizzley,TeeGrizzley,56475
bugha,Bugha,145721
bigex,BigEx,34400
aussieantics,AussieAntics,125436
callmeagent00,CallMeAgent00,26764
konvy,Konvy,21086
mutex,MuTeX,127580
reetlol,Reetlol,39795
saevid,SAEVID,36488
mitr0,mitr0,44349
muzz,Muzz,28481
noahreyli,noahreyli,41341
ops1x,ops1x,22169
x2twins,x2Twins,47136
letshe,Letshe,34668
natehill,NateHill,38045
motor,MOTOR,19433
lck_korea,LCK_Korea,447266
relaxing234,relaxing234,119415
never_loses,NeVeR_LosEs,53846
squeezie,Squeezie,250950
jlamaru,JLAmaru,215679
locklear,Locklear,159633
jltomy,JLTomy,183353
lebouseuh,LeBouseuh,113741
ponce,Ponce,185680
zerator,ZeratoR,178733
rebeudeter,RebeuDeter,117491
waolol1,Waolol1,83336
ouahleouff88,ouahleouff88,48782
kaydop,Kaydop,92229
xari,Xari,91372
nikof,Nikof,75362
jlbichouu,JLBichouu,108550
pauleta_twitch,Pauleta_Twitch,83430
lestream,lestream,96011
thekairi78,TheKAIRI78,90070
yomax,YoMax,94561
skyrroztv,SkyrrozTV,89378
mistermv,mistermv,113692
shaunz,Shaunz,71091
jbzzed,jbzzed,56782
rhobalas_lol,rhobalas_lol,71226
kinstaar,kinstaar,51366
littlebigwhale,LittleBigWhale,70687
laink,Laink,65635
tonton,Tonton,74314
mickalow,Mickalow,28830
samueletienne,samueletienne,82724
rocky_,RocKy_,58741
jolavanille,Jolavanille,55082
jeeltv,JeelTV,57384
joueur_du_grenier,Joueur_du_Grenier,116764
maghla,Maghla,67845
rocketbaguette,RocketBaguette,44865
teeqzy_,Teeqzy_,43830
nateos,Nateos,33797
imsofresh,ImSoFresh,46373
marexlol,MarexLoL,49967
teuf,Teuf,38107
jirayalecochon,Jirayalecochon,38992
yassencore,YassEncore,38562
joyca,Joyca,21545
solaryfortnite,SolaryFortnite,36666
skyyart,Skyyart,30763
jlbalti,JLBalti,31840
zacknani,zacknani,26246
rivenzi,Rivenzi,39795
sixentv,SixenTv,37616
mastersnakou,MasterSnakou,33207
robert87000,robert87000,36079
sackzitv,sackzitv,31589
un33d,Un33D,31248
linca,Linca,27583
tikyjr,Tikyjr,19546
theguill84,TheGuill84,36681
yayster,yayster,31726
vinnie,vinnie,69027
silenx_x,silenx_x,18552
xeppaa,Xeppaa,18315
stewie2k,Stewie2K,20993
lol_woolf,울프,115948
tmxk319,괴물쥐123,128414
paka9999,파카9999,86311
zilioner,침착맨,116530
yapyap30,얍얍,73703
pjs9073,쫀득이_,103534
saddummy,서새봄냥,109735
wpghd321,류제홍_,66395
ses836,인간젤리,75135
tst1023,갱맘_,48667
lol_ambition,앰비션_,48471
pacific8815,쌍베,65529
woowakgood,우왁굳,120924
runner0608,러너교,60772
lol_cuvee,큐베123,38735
xkwhd,피닉스박1,42010
rhdowgps,프로관전러_,44884
nokduro,녹두로,71852
rkdthdus930,강소연,45554
mlchoins,명훈,44623
nodolly,노돌리,70882
t1_keria,케리아이,36711
rooftopcat99,옥냥이,58417
looksam,룩삼,39148
skswhdkgo1,세글자_,47626
woohankyung,한갱,97296
obm1025,오킹,79209
qq102qq,코뚱잉,30369
nanajam777,우정잉,52255
necklet880707,네클릿,27272
yumyumyu77,소풍왔니,40254
portialyn,포셔,32196
viichan6,비챤_,54558
naseongkim,김나성,40195
lckcl,LCKCL,20207
pikra10,재슥짱,23743
so_urf,소우릎,27687
yagubu,매직박,25387
nanayango3o,나나양,43209
t1esports,t1esports,18794
sooflower,수련수련,57741
swab85,승우아빠_,38322
snarang,스나랑,24138
lilpaaaaaa,릴파_,52214
yeji429,정예지,24221
rngudwnswkd,푸린_,38137
vo_ine,아이네_,50088
sorammmm,소람잉,24309
sn400ja,액시스마이콜,34265
maoruya,마왕루야_,22958
imh0nda,imh0nda,22258
vsmzin,vsmzin,18340
masayoshi,Masayoshi,84395
kkatamina,kkatamina,89592
nadeshot,Nadeshot,80326
jasonr,JASONR,69599
itsryanhiga,itsRyanHiga,48934
karlnetwork,karlnetwork,218776
kiyoon,Kiyoon,110866
eajparkofficial,eaJParkOfficial,79144
peterparktv,peterparktv,30262
peterpark,peterpark,23429
igumdrop,iGumdrop,30161
keanelol,keanelol,71748
foolish_gamers,Foolish_Gamers,171421
harry,Harry,69261
emilyywang,emilyywang,37155
lacari,Lacari,68275
dogdog,dogdog,76633
kristoferyee,KristoferYee,26628
enviosity,Enviosity,108518
hyoon,hyoon,23820
theneedledrop,theneedledrop,31476
quattroace,QuattroAce,59671
sacriel,Sacriel,55502
sheefgg,SheefGG,28294
nyxia,Nyxia,31555
robn,ROBN,24445
mzdunk,MzDunk,24558
sasatikk,sasatikk,60271
maza4kst,MAZA4KST,31341
spygea,SPYGEA,119987
moinsunny,MoinSunny,22397
unfluffybunny,UnfluffyBunny,20447
runthefutmarket,runthefutmarket,144851
pieface23,Pieface23,135167
dannyaarons,dannyaarons,83244
miniminter,miniminter,105445
zwebackhd,zwebackhd,37827
thatboydavies19,thatboydavies19,45233
matthdgamer,MattHDGamer,27556
nick28t,Nick28T,35894
eliasn97,eliasn97,375448
ofmanny,ofmanny,22540
gamerbrother,GamerBrother,178308
staysafetv,StaysafeTV,54156
yukiofps14,ゆきお2,33353
rocketleaguesam,RocketLeagueSAM,94912
rocketleaguemena,RocketLeagueMENA,96826
rocketleagueapac,RocketLeagueAPAC,99983
rocketleagueoce,RocketLeagueOCE,54258
scrub,Scrub,24691
squishymuffinz,SquishyMuffinz,18261
sp4wn,Sp4wn,27592
mqs1,mqs1,20571
rafaao,rafaao,19501
mckytv,MckyTV,174289
karmafnr,karmafnr,45825
feelfifaandgamingtv,FeelFIFAandGamingTV,44324
iamtabaktv,IamTabakTV,31594
katoo,katoo,54903
moauba,MoAuba,29735
elotrix,ELoTRiX,85026
giggand,Giggand,63736
tim_latka,Tim_Latka,20181
cct_en,CCT_EN,128140
weplaycsgo,WePlayCSGO,62620
niko,NiKo,63311
m0nesyof,m0NESYoF,80807
dreamleague,DreamLeague,208626
kennys,kennyS,59633
hltvorg,HLTVorg,45532
cct_en2,CCT_EN2,34804
edenesports,EdenEsports,31236
pimpcsgo,PimpCSGO,35840
fl0m,fl0m,42989
elisaesports,ElisaEsports,32214
yekindar,YEKINDAR,32856
lobanjicaa,Lobanjicaa,27430
esl_dota2,ESL_DOTA2,101077
get_right,GeT_RiGhT,28317
caedrel,Caedrel,158634
swolejoels,swolejoels,24214
alexby11,Alexby11,365546
ampeterby7,Ampeterby7,192059
alexelcapo,alexelcapo,188530
alphasniper97,AlphaSniper97,75396
vetheo,Vetheo,22566
voltariux,Voltariux,28485
mgg_fr,MGG_FR,24685
mynthos,Mynthos,55699
pasdebol_tft,PasDeBol_TFT,25422
slipixxx,Slipixxx,19810
wolfabelle,Wolfabelle,51191
uberhaxornova,UberHaxorNova,52851
tubbolive,TubboLIVE,178243
travpiper,travpiper,42736
tubbo,Tubbo,142633
thisisnotgeorgenotfound,ThisIsNotGeorgeNotFound,75642
imls,imls,77185
iwilldominate,IWillDominate,74781
drututt,Drututt,116978
karasmai,KarasMai,68719
dzukill,Dzukill,78464
gumayusi,Gumayusi,72290
pobelter,Pobelter,20640
alanzoka,alanzoka,316121
calango,calango,42519
boltz,boltz,114165
baiano,Baiano,99780
axtlol,aXtLOL,66855
bagi,Bagi,37306
bronnks7,bronnks7,59541
aspaszin,aspaszin,64654
ale_apoka,ale_apoka,59969
handongsuk,한동숙,176989
hanryang1125,풍월량,141482
buster,buster,307650
evelone192,Evelone192,219656
dmitry_lixxx,Dmitry_Lixxx,133420
jojohf,JojoHF,219415
koreshzy,koreshzy,144198
deepins02,deepins02,281728
ekatze007,ekatze007,80475
gensyxa,GENSYXA,80576
evelone2004,evelone2004,79984
des0ut,des0ut,74101
follentass,follentass,93622
by_owl,by_Owl,77952
jesusavgn,JesusAVGN,129188
dota2ruhub,Dota2RuHub,264183
karavay46,karavay46,54467
icebergdoto,icebergdoto,118698
gaechkatm,GAECHKATM,44507
fruktozka,Fruktozka,39268
dota2mc_ru,dota2mc_ru,208629
dilblin,dilblin,53516
kostbi4,KostbI4,36041
mokrivskyi,mokrivskyi,25303
fandercs,fANDERCS,41683
dinablin,dinablin,32541
guacamolemolly,GUACAMOLEMOLLY,22960
leron_baron,Leron_Baron,23372
manyrin,Manyrin,52535
just_ns,just_ns,123609
epic_d2cl,epic_d2cl,141315
cheatbanned,cheatbanned,30947
lenagol0vach,LenaGol0vach,75596
keyeren,keyeren,24799
justcooman,JustCooman,74127
fasoollka,fasoollka,31969
ilame,iLame,81692
voodoosh,VooDooSh,98975
visshenka,VISSHENKA,18258
inkmate0,inkmate0,31383
verni_shavermy,VERNI_SHAVERMY,47823
mazellovvv,mazellovvv,35614
nafany_,nafany_,29602
rudysayuki,RudySayuki,20942
stanislaw89,stanislaw89,19267
dragneel_fh,Dragneel_FH,27037
kendinemuzisyen,KendineMuzisyen,168973
rraenee,RRaenee,69652
sizophren,sizophren,126396
jrokezftw,JrokezFTW,73328
hype,Hype,73027
mithrain,Mithrain,78634
pqueen,pqueen,95659
eray,Eray,63075
elwind,Elwind,80207
holmes,Holmes,26379
ubeka_,ubeka_,63306
valorant_esports_tr,VALORANT_Esports_TR,70442
gicaas,gicaas,20466
unlostv,UNLOSTV,43790
zeusidiouss,ZeuSidiouss,31789
karahancaster,karahancaster,64202
holyphoenix,holyphoenix,60181
pankyy,pankyy,44751
nympeaaa,Nympeaaa,37841
saamtwo,saamtwo,40080
uthenera,Uthenera,39648
gokhan_oner,Gokhan_Oner,28595
videoyun,Videoyun,32281
helliantv,HellianTV,43099
tenekekafalar_tk,TenekeKafalar_TK,30767
legoo,LEGOO,38550
pauratv,pauratv,35713
zeitnotlol,Zeitnotlol,24403
graycen,Graycen,31110
jokerdtv,JokerdTV,69557
hachubby,HAchubby,26264
payo,Payo,54378
zeplahq,ZeplaHQ,36348
ziqoftw,Ziqoftw,36538
kato_junichi0817,加藤純一です,241479
k4sen,k4sen,104984
jasper7se,Jasper7se,86489
yuyuta0702,ゆゆうた押忍,63703
yufuna,ゆふな,46258
sutanmi,スタンミ,42938
mokouliszt1,もこうやで,49841
ta1yo_tv,ta1yo_tv,41627
lazvell,Lazvell,45736
oniyadayo,おにや,45916
nniru,nniru,57867
killin9hit,Killin9Hit,23618
hanjoudesu,はんじょう,26991
yamatonjp,yamatonjp,21532
neth3,neth3,30311
makiba7,makiba7,26081
vodkavdk,ボドカさん,24432
surugamonkey0113,するがモンキー,18407
syaruru3,しゃるる,22151
kanae_2434,kanae_2434,32793
raderaderader,らっだぁ,59529
ranboolive,RanbooLive,207735
sneegsnag,Sneegsnag,87121
sapnapalt,sapnapalt,91433
sapnap,Sapnap,88399
smajor,Smajor,41207
shubbleyt,ShubbleYT,23142
dota2ruhub2,Dota2ruhub2,67385
dreadztv,DreadzTV,85241
godhunt,GodHunt,80956
nooneboss,nooneboss,42882
sh4dowehhh,Sh4dowehhh,41170
xboct,XBOCT,38469
dota2ruhub3,Dota2ruhub3,22380
illidanstr,illidanstr,37111
stariy_bog,stariy_bog,39914
honeymad,honeymad,107360
qojqva,qojqva,92569
melharucos,melharucos,61560
speedmanq,SpeedManq,20626
fextralife,Fextralife,263022
agentemaxo,AgenteMaxo,255427
agustabell212,Agustabell212,33330
huskerrs,HusKerrs,159723
joewo,JoeWo,115588
diazbiffle,DiazBiffle,86995
fifakillvizualz,fifakillvizualz,70645
its_iron,its_iron,100094
destroy,Destroy,39388
kalei,Kalei,74435
bobbypoffgaming,BobbyPoffGaming,59616
luckychamu,LuckyChamu,31825
tommey,Tommey,25337
imnio,ImNio,34150
yoshinama222,よしなま26歳,18782
domingo,Domingo,239383
etoiles,Etoiles,130057
ultia,Ultia,40286
drfeelgood,DrFeelgood,31440
jeanmassiet,JeanMassiet,39934
gom4rt,Gom4rt,37575
gobgg,GoBGG,35711
hugodecrypte,HugoDecrypte,27251
lefrenchrestream,LeFrenchRestream,35637
shisheyu_mayamoto,Shisheyu_Mayamoto,39259
w33haa,w33haa,51134
zai,zai,37475
xcaliburye,XcaliburYe,28583
gtawiseguy,GTAWiseGuy,88941
shotz,Shotz,66449
crystalst,Crystalst,73922
burn,Burn,60035
silent,Silent,51639
curtisryan,CurtisRyan,49060
nathankb_,nathankb_,44721
nidas,Nidas,30210
sayeedblack,SayeedBlack,22709
jack,Jack,23717
lysium,Lysium,30632
kyliebitkin,kyliebitkin,31510
lunaoni,LunaOni,35443
deansocool,Deansocool,44502
hutchmf,HutchMF,106990
carmen,Carmen,31105
hirona,Hirona,20784
dududuelista,dududuelista,23874
shinimon,shinimon,19521
keiozin,keiozin,24541
kurumx,Kurumx,28318
spencer_tft,Spencer_TFT,19903
manatreed,Manatreed,147588
nihachu,Nihachu,74390
vgumiho,vGumiho,23111
biotoxz_,Biotoxz_,29168
bananabrea,bananabrea,34654
autumn,Autumn,19914
ash,ash,27395
dansgaming,DansGaming,65949
elajjaz,Elajjaz,80306
itmejp,itmeJP,24570
ezekiel_iii,Ezekiel_III,18295
strippin,Strippin,40752
grimmmz,Grimmmz,75089
dota2mc_ru2,dota2mc_ru2,26728
pwrdesports1,PWRDEsports1,56694
masondota2,masondota2,87836
quinndota,Quinndota,44058
gunnardota2,GunnarDotA2,34278
singsing,singsing,53749
iceiceice,iceiceice,26123
intel,Intel,18445
averagejonas,AverageJonas,133779
cryocells,Cryocells,49252
ethos,ethos,57092
grimm,Grimm,77202
nerdstreet,nerdstreet,63226
dapr,dapr,33636
governor,Governor,31567
brax,brax,29619
drigo,DrIgo,32201
italiazeta,Italiazeta,23033
amar,Amar,190203
eldos_fifa,eldos_fifa,35298
derkelleryt,DerKellerYT,69203
aquav2_,aquav2_,23867
bastighg,BastiGHG,111577
chusommontero,chusommontero,49598
tumblurr,Tumblurr,184314
zanoxvii,ZanoXVII,330916
xiuder_,Xiuder_,114569
vivalafazza,VivaLaFazza,30070
yoshi93,Yoshi93,41847
zwave69,Zwave69,17908
minos,Minos,22628
chap_gg,Chap_GG,180706
crocodyle_lol,Crocodyle_lol,52249
corobizar,Corobizar,52639
inecr7024,삼식,51504
johnny3047258,죠니니,45792
kangqui,강퀴,33480
kimdoe,김도,65322
jdm2088,악어,88908
kss7749,쉐리,39406
yoowooyang,유우양,24719
sonycast_,소니쇼,33770
leechunhyang,이춘향,33493
rhdgurwns,공혁준,20409
rainbow6,Rainbow6,175748
terablade_hs,Terablade_hs,19311
duellinksmeta,duellinksmeta,172217
farfa,Farfa,34350
karljacobs,karljacobs,142131
georgenotfound,GeorgeNotFound,147746
jackmanifoldtv,JackManifoldTV,109870
hannahxxrose,hannahxxrose,38361
valorant_la,valorant_la,23805
mujs_,mujs_,22803
russzfps,russzfps,23190
vladimirpetrenko,Vladimirpetrenko,18163
gronkhtv,GronkhTV,81602
royalphunk,RoyalPhunk,45604
xpandorya,xPandorya,24022
shurjoka,Shurjoka,48677
jennyan,JenNyan,40615
deliciousmilkgg,DeliciousMilkGG,80674
chowh1,chowh1,160607
eskc,ESKc,22767
phyzikk,Phyzikk,21133
low4n,Low4n,19033
caps,caps,56242
zentreya,Zentreya,47635
vienna,Vienna,31870
39daph,39daph,158243
dashducks,DashDucks,21966
ariasaki,AriaSaki,71160
gingy,Gingy,101056
geekseh,GeeksEh,127753
deadlyslob,Deadlyslob,125708
jaybaybay,JAYBAYBAY,49995
jenntacles,jenntacles,55321
cdnthe3rd,CDNThe3rd,81523
ironfists_tv,IronFists_tv,53651
exfilcamper,ExfilCamper,65487
ghostfreak66,GhostFreak66,57677
klean,Klean,69720
glorious_e,Glorious_E,78359
hyperrattv,HyperRatTV,68898
grenbaud,GrenBaud,155496
ilgabbrone,ilGabbrone,82315
therealmarzaa,TheRealMarzaa,123832
pow3rtv,POW3Rtv,140327
jodyjdc,JodyJDC,25471
ilmasseo,ilMasseo,104299
pizfn,pizfn,89483
homyatol,Homyatol,59859
nezak_,NeZaK_,56183
panetty,panetty,42242
erobb221,erobb221,40939
silvervale,Silvervale,43364
saruei,Saruei,64008
projektmelody,projektmelody,29686
lordaethelstan,LordAethelstan,20301
trickywi,Trickywi,25890
cdawgva,CDawgVA,149271
trashtastepodcast,TrashTastePodcast,22805
thean1meman,TheAn1meMan,21151
harukakaribu,HarukaKaribu,26074
tenhatv,TenhaTV,34724
xlice,Xlice,42425
tuonto,tuonto,55248
dreamwastaken,dreamwastaken,147455
beyondthesummit,BeyondTheSummit,146738
cr1tdota,Cr1tdota,55308
gothamchess,GothamChess,40242
gmnaroditsky,GMNaroditsky,30457
bratishkinoff,bratishkinoff,142716
sal_gu,살인마협회장,38211
jungtaejune,똘똘똘이_,28524
kanetv8,케인,40314
velox,velox,32648
anton,Anton,140318
bazingathatb,BazingaThatB,45025
battlestategames,BattlestateGames,120693
aquafps,AquaFPS,100645
bakeezy,BakeeZy,61486
johnbbeta,johnbbeta,32397
lotharhs,LotharHS,24526
otzdarva,Otzdarva,132580
thejrm_,TheJRM_,53766
tru3ta1ent,TrU3Ta1ent,52422
zubatlel,ZubatLEL,28855
spookyloopz,SpookyLoopz,30383
skermz,Skermz,27024
youngmulti,YoungMulti,78006
xmerghani,xmerghani,48149
zony,ZONY,39443
rebirthztv,RebirthzTV,132064
xerxqc,xerxqc,53754
superbuss_,SuperBusS_,46741
nrg_hamlinz,NRG_Hamlinz,35394
antoinedaniel,AntoineDaniel,129201
bagherajones,BagheraJones,34347
hortyunderscore,hortyunderscore,20521
8cho,8cho,126544
alohadancetv,ALOHADANCETV,126522
awfdota,awfdota,67840
daxak,Daxak,31296
c_a_k_e,C_a_k_e,71010
dendi,Dendi,51758
benjyfishy,benjyfishy,45447
rxnexus,rxnexus,21662
vargskelethor,Vargskelethor,34545
vinesauce,Vinesauce,30338
dda_ju,다주,122658
ddahyoni,따효니,98921
enchantenter,enchantenter,102515
flamekr,플레임__,47796
yd0821,양띵,33657
drlee_kor,이선생84,32129
flurry1989,플러리,40140
wkgml,견자희,44443
s1032204,삐부,24806
jinu6734,김진우,48814
kimdduddi,김뚜띠_,34221
domontovich,Domontovich,19220
dunduk,Dunduk,52221
dottyhack,DottyHack,20864
bullseye,BULLSEYE,58235
saadhak,Saadhak,18264
oldmanspacca,oldmanspacca,20615
rdulive,RduLIVE,75385
sjow,Sjow,47849
sunbaconrelaxer,SunBaconRelaxer,47697
savjz,Savjz,34731
wayne75525,國動,57983
wtf_winds123,大丸,56851
uzra,狂暴老汪,55542
yulihong22,咪咪蛋,36959
xargon0731,殺梗,40665
sweetcampercs,龜狗,35270
zrush,嬌兔,48359
shuteye_orange,蝦愛橘子,38178
twitchtw,TwitchTW,30978
smitegame,SmiteGame,118943
zapman,Zapman,26178
weak3n,Weak3n,28534
thechief1114,TheChief1114,22934
bt0tv,bt0tv,45127
alderiate,Alderiate,113770
xiceman,Xiceman,18135
japczan,Japczan,112825
popo,Popo,85702
lukisteve,LukiSteve,33467
remsua,remsua,59129
sawardega,sawardega,48344
kasix,Kasix,83005
pago3,PAGO3,69828
rafonixszef,RafonixSzef,35593
szymoool,szymoool,29489
pisicela,pisicela,55831
kubon_,Kubon_,33290
castcrafter,CastCrafter,28584
admiralbahroo,AdmiralBahroo,109549
ster,ster,22859
okcode,OkCode,44666
mtashed,MTashed,37658
fobm4ster,fobm4ster,28783
sekapoko,Sekapoko,28463
zy0xxx,Zy0xxx,27865
lasqa,Lasqa,18611
welovegames,WELOVEGAMES,50770
karmikkoala,KarmikKoala,40509
mistafaker,MistaFaker,21485
taliamar,TaliaMar,31168
freneh,Freneh,104621
justgabbo,JustGaBBo,38836
gaiaclerici,GaiaClerici,46945
hollywood285,HOLLYWOOD285,73141
moonryde,Moonryde,94972
paoloidolo,Paoloidolo,42668
sabaku_no_sutoriimaa,Sabaku_no_Sutoriimaa,51681
nannitwitch,NanniTwitch,22868
frozen2065,프로즌_온,19569
hodsy,hodsy,19720
generalsam123,GeneralSam123,28050
buerinho,Buerinho,46324
bjergsenlol,Bjergsenlol,99606
adolfz,adolfz,97023
dhalucard,Dhalucard,96686
vlesk,Vlesk,46720
trilluxe,TrilluXe,44864
mahluna,Mahluna,59685
abugoku9999,abugoku9999,96092
breitenvonberg,BreitenVonBerg,42785
citoo93,Citoo93,21733
inoiizy,iNoiizY,27756
der_looper_,der_looper_,26023
isimo42,isimo42,22368
fridayyytv,fridayyyTV,27264
savyultras90,savyultras90,40447
aba4647,랄로,94858
modestal,modestal,24816
formal,FORMAL,93270
luciid_tw,Luciid_TW,56533
frosty,Frosty,29296
aldo_geo,aldo_geo,90497
agurin,agurin,89733
broeki1,Broeki1,61951
eintrachtspandau,EintrachtSpandau,59312
kutcherlol,kutcherlol,40433
lpgjustjohnny,LPGjustJohnny,40226
msmsms213,멋사,21311
dariomocciatwitch,DarioMocciaTwitch,88410
enkk,Enkk,39522
bateson87,bateson87,87660
boraslegend,BorasLegend,40696
billzo,billzo,87583
captainpuffy,CaptainPuffy,46281
dreamalt_,DreamAlt_,69585
rulas47,Rulas47,24937
jackeyy,Jackeyy,86233
shotzzy,Shotzzy,18329
goodoq,goodoq,27715
guit88man,guit88man,44474
f1ashko,F1ashko,22339
kayzahr,KayzahR,44573
alinity,Alinity,84366
lucca_trem,lucca_trem,20526
kubx,Kubx,67779
bakzera,bakzera,82399
b0aty,B0aty,82191
faux,Faux,71712
mmorpg,Mmorpg,33233
odablock,Odablock,42613
sick_nerd,Sick_Nerd,26184
itswill,itswill,25218
roidie,Roidie,18765
distortion2,Distortion2,81899
mazinovv,Mazinovv,19082
maximum,Maximum,42977
scripe,Scripe,30233
xenosysvex,XenosysVex,47269
naowh,Naowh,42273
naguura,Naguura,37279
becca,Becca,80869
naru,Naru,28284
lynxcerezlol,LynxCerezLoL,24705
fabulousn,FabulousN,20908
thiefs,Thiefs,19268
bobross,BobRoss,78794
chocotaco,chocoTaco,77593
danucd,DanucD,72577
xqn_thesad,XQN_TheSad,32739
izakooo,IzakOOO,75890
shuva1ord,Shuva1ord,29694
zorgo_hs,zorgo_hs,20599
chigre,chigre,51795
chess,Chess,74737
annemunition,AnneMunition,74692
admiralbulldog,AdmiralBulldog,74179
turi,TURI,26777
2chamcham2,탬탬버린,72590
collet11,코렛트,43513
bbonge_,김뿡_,31655
cherrypach,꽃핀,35872
kuiki771,끠끼,31280
kumikomii,고차비,33145
ma_mwa,마뫄,23074
rkdwl12,강지,26118
sah_yang,금사향,22816
ch1ckenkun,치킨쿤,40274
cned,cNed,71206
chica,Chica,70993
nikolarn,Nikolarn,24701
sidelogic,SideLogic,31507
therealzbluewater,therealzbluewater,18682
emma,Emma,19586
therunningmanz,TheRunningManZ,31633
jukeyz,Jukeyz,20181
badboyhalo,BadBoyHalo,70491
prefoxfox,Prefoxfox,25697
ewroon,EWROON,69235
xth0rek,xth0rek,46449
exhiie,exhiie,26702
vgz2k,VgZ2k,22302
mrcreatifee,MrCreatifee,18692
aunkere,Aunkere,68912
bbbb87,世誠,68674
guanweiboy,冠緯,48920
kannachan524,湘湘です,49301
kiss_850722,豆豆在這裡,37139
et_1231,依渟,62442
kyo1984123,kyo1984123,51426
m092230,庭米,24814
gearbaby1010,花輪同學,32731
bebelolz,逼比,37808
beryl_lulu,貝莉莓,51360
ggbb528,勝敗難免,36849
godjj,接接,43885
qq7925168,薛喜,33310
mistakelolz,mistakelolz,27024
boyminoru,boyMinORu,68537
duckmanzch,duckmanzch,31544
genostyletv,GenostyleTV,23320
fpsthailand,FPSThailand,65820
ihavecpu,iHAVECPU,20455
matek,Matek,23433
bonjwa,Bonjwa,66356
mon_official,mon_official,29468
edelive,EdeLive,25956
rocketbeanstv,RocketBeansTV,25240
awesamdude,awesamdude,66134
eret,Eret,35373
viperdemon,viperdemon,23459
gladd,Gladd,65659
wankilstudio,WankilStudio,23883
adeptthebest,adeptthebest,65455
aminematue,aminematue,65106
asiagodtonegg3be0,亞洲統神,65036
kitboga,Kitboga,64342
brucegrannec,BruceGrannec,64046
lestwinsfifa,LesTwinsFifa,35096
gtasty,gTasty,20064
kodigogg,kodigogg,27270
nerdstreetb,NerdStreetB,18730
berkriptepe,berkriptepe,63155
namin1004,나민님,37810
classybeef,ClassyBeef,62157
prodigyddk,ProdigyDDK,51391
frankdimes,FrankDimes,48466
christianvieriofficial,ChristianVieriOfficial,61757
unclebjorn,UncleBjorn,20226
alptv,AlpTV,61158
zugorow,zugorow,18665
mobilmobil,老皮,60675
destiny,Destiny,59925
rvnxmango,RvNxMango,22061
nightlennn,Nightlennn,22209
alphacast,AlphaCast,58314
makatao,makataO,46377
rasty_airsoft,rasty_airsoft,21475
followgrubby,FollowGrubby,58068
cct_ru,CCT_RU,57967
cct_ru3,CCT_RU3,19087
agraelus,Agraelus,57917
herdyn,Herdyn,45751
czechcloud,CzechCloud,33422
artix,ARTIX,46826
resttpowered,resttpowered,48321
doaenel,Doaenel,57572
lexveldhuis,LexVeldhuis,57543
spraggy,Spraggy,28794
ahrinyan,AhriNyan,56563
tiger_scot,tiger_scot,19002
berry0314,빛베리,55666
nnabi,연나비님,30974
cr_rion,CR_rion,55636
z60411,綠寶,20189
atrioc,Atrioc,54893
blxckoutz,blxckoutz,54885
dmf_kyochan,恭一郎,54163
ac7ionman,Ac7ionMan,53868
loeya,Loeya,53853
anomaly,Anomaly,53844
austinshow,AustinShow,53313
a_seagull,A_Seagull,53192
brkk,brkk,52968
asianguystream,AsianGuyStream,52495
dish,dish,36502
gosegugosegu,고세구___,52394
jingburger,징버거,47313
aimsey,aimsey,52324
pyromancer,Pyromancer,36727
datmodz,DatModz,52046
biropjl,biroPJL,51803
bragap1,BragaP1,23262
aypierre,aypierre,51589
blusewilly_retry,餐餐自由配,51584
kspksp,KSPKSP,38196
failverde,懶貓,42769
yuniko0720,小熊,24218
baddrlp,baddrlp,50508
burmaldodik,burmaldodik,24874
ayezee,AyeZee,50490
apricot,Apricot,50457
baoo,baoo,42078
d_obby,도현_,50391
rezo,Rezo,50340
ahmed_show,Ahmed_show,50193
iwe11y,iWe11y,28800
xxplayawayxx,xxPLAYAWAYxx,21978
arquel,ArQuel,50086
h2p_gucio,H2P_Gucio,45354
pointcrow,PointCrow,49910
abu_abeer16,abu_abeer16,49740
lle_97,LLE_97,24351
gingitv,GingiTV,49344
jpctheman_,jpctheman_,21568
gernaderjake,GernaderJake,49197
ifrostbolt,IFrostBolt,29056
abdulhd,AbdulHD,49022
quickybaby,QuickyBaby,48951
skill4ltu,skill4ltu,41366
pokemonchallenges,PokemonChallenges,48204
5uppp,5uppp,47957
aphrolin1107,凱琪,47956
aplus0v0,APlus0v0,18284
kr1stw,狂暴西南2,34305
brookeab,BrookeAB,47880
cerbero_podcast,Cerbero_Podcast,47111
spajkk,spajKK,23687
robdiesalot,RobDiesALot,20606
connoreatspants,ConnorEatsPants,46722
bratiki94,bratiki94,46332
xaryu,Xaryu,46007
crystal_lol,Crystal_LoL,45757
aa9skillz,Aa9skillz,45298
dakotaz,dakotaz,44877
vitality,Vitality,17954
broxah,Broxah,44849
emongg,Emongg,44543
ml7support,mL7support,37214
jay3,Jay3,29207
moose_taffy,Moose_Taffy,19273
anabancr,anabancr,44272
cowsep,Cowsep,44266
berleezy,berleezy,43955
bruninzor,Bruninzor,43845
cotton__123,주르르,43430
akyuliych,akyuliych,43174
adrianachechik_,AdrianaChechik_,42992
diables,Diables,42823
bananirou,Bananirou,42601
hungrybox,Hungrybox,42385
vgbootcamp,VGBootCamp,51055
jacob4tv,Jacob4TV,41785
a1taoda,A1taOda,41386
itsjstn,ItsJSTN,41253
iinwafqht,iinwafqht,41236
shongxbong,shongxbong,77780
antonychenn,antonychenn,41126
farhadxray,FarhadXRay,40748
samsaberi,SamSaberi,25023
nichoqu,Nichoqu,25823
torro,TORRO,18609
conterstine,Conterstine,40492
forky,Forky,40327
magenta62,마젠타_,39950
barbarousking,BarbarousKing,39049
emxxrrr,EMXXRRR,39022
dvm_medja,DVM_Medja,38861
ninjottv,ninjottv,20918
gskianto,gskianto,38728
strakatv,strakatv,18243
mortenroyale,mortenroyale,38295
bananaslamjamma,BananaSlamJamma,38167
towelliee,Towelliee,38153
pikabooirl,Pikabooirl,38064
dasoku_aniki,蛇足,38046
5opka,5opka,37900
criken,Criken,37795
tomato,Tomato,30805
alliege,Alliege,37695
angrypug,ANGRYPUG,37460
emmalangevin,EmmaLangevin,37389
pengu,Pengu,37386
chodan_,쵸단_,37373
cdewx,cdewx,37315
andreadel1988,andreadel1988,37187
maciejay,MacieJay,37099
109ace,철면수심,35629
burkeblack,BurkeBlack,35463
75ricksanchez75,75ricksanchez75,35389
improbzz,imPROBZZ,35381
bawkbasoup,Bawkbasoup,35263
baptistao,Baptistao,35045
frosty_tv,Frosty_TV,35039
swifty,Swifty,35028
rax1337,rAx1337,34955
honeypuu,HoneyPuu,34798
aleks,aleks,34650
thestockguy,TheStockGuy,34077
deuceace,DeuceAce,33980
rizzo,Rizzo,33959
edizderbreite,edizderbreite,33785
restiafps,瑞斯帝亞,33714
alfie,Alfie,33643
fairypeak,FairyPeak,33307
amerikaliaynasiz,AmerikaliAynasiz,33283
anthony_kongphan,Anthony_Kongphan,33224
ohtofu,OhTofu,32785
eternalfiregg,eternalfiregg,32765
esl_sc2,ESL_SC2,32419
wardiii,Wardiii,21189
aimdll__,aimdll__,32317
7ckngmad,7ckngMad,32143
cydonia_chiara,Cydonia_Chiara,32137
brizz94,Brizz94,31828
fragolaqt,fragolaqt,22134
scrapie,Scrapie,31739
elchiringuito_tv,elchiringuito_tv,31613
chibidoki,chibidoki,31582
andilextv,Andilextv,31350
metashi12,metashi12,30936
darumaisgod,だるまいずごっど,30900
111roentgenium,뢴트게늄111,30748
altair,Altair,30489
bigspincr,BigSpinCR,30472
a541021,狂暴小建,30439
mailand,mailand,30324
mouzakrobat,Mouzakrobat,23214
casinodaddy,CasinoDaddy,30290
davooxeneize,davooxeneize,30232
evenmatchupgaming,EvenMatchupGaming,30138
rprx,rprx,30076
elgato_,elgato_,30017
hexy,hexy,29652
guzu,Guzu,29604
nilsbomhofflive,NilsBomhoffLIVE,23468
k1ng,k1ng,29096
fantabobshow,FantaBobShow,29087
adekvat,Adekvat,28851
aztromick,Aztromick,28803
arsenal,Arsenal,28659
bebe872,bebe872,28452
calebhart42,Calebhart42,28448
fritz_meinecke,fritz_meinecke,28349
nugiyen,nugiyen,28339
incon,Incon,28249
ikeepittaco,IKeepItTaco,28185
alexclick,Alexclick,27966
lovelyyeon,_연두부_,27950
dakillzor,Dakillzor,27877
aurateur,Aurateur,27844
iaaras2,iaaraS2,27821
crazzyccat,크캣66,27645
1001surat,1001Surat,27556
flexinja,Flexinja,27542
95pingman,핑맨,27388
gamergirl,gamergirl,27166
aphromoo,Aphromoo,26953
shylily,Shylily,26773
behzinga,Behzinga,26728
rudbeckia7,연두는말안드뤄,26726
aimlul,AiMLUL,26704
demuslim,DeMusliM,26391
christianmartin03,ChristianMartin03,26153
fuury_off,FuuRy_Off,26132
farbizzbat9,FarbizzBat9,26114
lilcake,lilcake,26067
dopa24,dopa24,26053
qrushcsgo,QRUSHcsgo,26052
fossygfx,FossyGFX,26045
dogswellfish,개복어,26004
beyou0728,피유,25887
iyouxin,iyouxin,25587
fiusgamer,FiusGamer,25522
anny,anny,25461
cpentagon,CPentagon,25356
dannehtv,DannehTV,25195
redbyrd,redbyrd,23651
alienigena404,Alienigena404,25131
axel_tv,Axel_tv,25108
general_hs_,GeneraL_HS_,25073
smurf_tv,Smurf_tv,24639
c0ker,c0ker,24857
guddummit,GuDDummit,24822
dosia_csgo,Dosia_csgo,24786
bobqinxd,bobqinxd,24782
prxf0rsaken,PRXf0rsakeN,24534
baso,Baso,24502
ebonivon,ebonivon,24456
avamind,AVAMind,24418
mirlolxd,Mirlolxd,24204
dejvid_tibijski_zadymiarz,dejvid_tibijski_zadymiarz,24176
haskologlu,haskologlu,23911
burakoyunda,BurakOyunda,23897
foxzfoxzfoxz,foxzfoxzfoxz,23515
kyivstoner,kyivstoner,23498
ayrun,Ayrun,23345
antfrost,Antfrost,23280
bmkibler,bmkibler,23165
asmodaitv,AsmodaiTV,23130
gutitubo,ぐちつぼ,23114
acie,Acie,22953
2thy,2thy,22906
alfrea,らいじん,22893
dkayed,Dkayed,22772
shtan_udachi,shtan_udachi,22692
bugsclub,BugsClub,22685
baboli,Baboli,22437
elreyguiri_f1,elreyguiri_f1,22355
a60426042,씨맥입니당,22255
liam,Liam,22119
academy,Academy,22102
dawnhs,던ㅤ,22087
damisalvaa,DAMISALVAA,21874
methodz,Methodz,21833
mafiosocrew,MafiosoCrew,21831
barraccudda,BaRRaCCuDDa,21696
kamifn1,KamiFN1,21161
boomburapa,BOOMBURAPA,21132
bronx,Bronx,21131
keloqzinho,keloqzinho,20798
amustycow,amustycow,20795
kilicarslan_,KILICARSLAN_,20783
ayarbaffo,AyarBaffo,20775
fuji720x,fuji720x,20712
crackbabe,씨랙,20588
andypsx,Andypsx,20486
davidrubino,DavidRubino,20340
kentung,董哥今天不背鍋,20330
franio,Franio,20199
donutoperator,DonutOperator,20193
angledroit,AngleDroit,20179
garenatw,GarenaTW,20179
amablitz,amablitz,20129
jamesmarriott,jamesmarriott,20072
clemovitch,Clemovitch,20056
9impulse,9impulse,20019
nobbel87,nobbel87,19977
chiringuitodejug3,chiringuitodejug3,19662
dekarldent,Dekarldent,19565
m0xyy,m0xyy,19505
favaimbot,FAVaimbot,19224
delordione,delordione,19162
nika,Nika,19144
b1tcs,b1tcs,19114
hukkaw,hukkaw,19084
officialandypyro,OfficialAndyPyro,55145
easywithaces,easywithaces,19037
emmyuh,Emmyuh,18886
bdlg,BDLG,18565
juice,Juice,18431
ranboobutnot,ranboobutnot,18303
gent,gent,18257
fenohs,FenoHS,18255
cinkrofwest,Cinkrofwest,18060
enoch,Enoch,17896
chefstrobel,chefstrobel,17868
